no,Genus,species,sex,zoo or wild,scan res,vert position,pos for analysis,fiji threshold,ROI size,number of images in ROI,BV.TV,SVD,SLD,TB.TH,MIL,TB.N,MIL.F,trend,plunge,rel.res,GC,CSA,Conn.D,Connectivity,mass,femur_r_c,femur_l_c,avg_fem_c,humerus_r_c,humerus_l_c,avg_hum_c,log_mass_camp,mass_camp,CL,ch_post,cw_post,ch_ant,cw_ant,pre_zw,post_zw,tot_h,tot_w,inter_zl,mass_proxy
68919,Bradypus,variegatus,m,wild,45.616,T14,ps1,20481,3.7,153,0.404357,3.03873,1.35047,0.250876,1.48562,0.6457,1.36676,139.339,76.7933,5.499736934,52.0918,109.1624,5665.702,563.625,4136.36,27,26,26.5,26,25,25.5,3.613293192,4104.811248,11.85,6.5,10.3,7.6246,10.754,11.3,12.3,15.98,18.63,12.1,18.9
68919,Bradypus,variegatus,m,wild,45.616,T15,ps2,20481,1.8,159,,,,,1.41864,0.447595,1.30848,,,0,52.2736,114.1169,5819.047,132.25,4136.36,27,26,26.5,26,25,25.5,3.613293192,4104.811248,11.72,7.1,8.62,5.93,9.8,12.3,12.1,16.21,19.25,17.3,18.9
68919,Bradypus,variegatus,m,wild,45.616,T16,ps3,20481,4,156,0.3762,3.16987,1.4234,0.28396,1.32726,0.5517,1.27467,34.3678,88.6321,6.225008769,51.8719,119.6541,5315.448,600.75,4136.36,27,26,26.5,26,25,25.5,3.613293192,4104.811248,11.09,7.48,11.66,7,9.6,13.4,11.72,17.64,21.35,18.9,18.9
68919,Bradypus,variegatus,m,wild,45.616,L01,ps4,20481,4.8,142,0.302003,2.43222,1.20214,0.202957,1.18688,0.559318,1.14662,224.323,47.596,4.449250263,59.7898,120.4262,4728.959,766.75,4136.36,27,26,26.5,26,25,25.5,3.613293192,4104.811248,10.94,6.9,11,6.7,9.43,13.29,12.5,17.43,24.77,19.5,18.9
68919,Bradypus,variegatus,m,wild,45.616,L02,ps5,20481,4.1,163,0.307945,2.98048,1.38764,0.227943,1.4047,0.530762,1.33177,197.018,51.3547,4.996996668,63.8921,115.2364,5746.208,719.5,4136.36,27,26,26.5,26,25,25.5,3.613293192,4104.811248,12.05,7,11.1,6.4,10.4,13.8,13.9,16.05,29.09,18.5,18.9
68919,Bradypus,variegatus,m,wild,45.616,L03,ps6,20481,3.7,162,0.308071,3.73547,1.43039,0.22907,1.26717,0.557491,1.22382,30.6278,72.5953,5.021702911,60.0379,115.3377,6476.087,653,4136.36,27,26,26.5,26,25,25.5,3.613293192,4104.811248,12.18,5.5,11.5,7.2,11.4,16.2,12.4,14.15,30.64,18.4,18.9
69587,Bradypus,variegatus,m,wild,45.906,T14,ps1,22593,4.1,168,0.502926,3.36373,1.3859,0.266148,1.33194,0.894216,1.27981,61.6323,85.9813,5.797673507,58.1941,126.7768,8965.598,1172.125,4136.36,32,31.5,31.75,32.5,31,31.75,3.851824971,7109.269384,12.47,7.321,10.65,6.604,8.442,11.68,11.569,18.07,18.89,16.166,19.32
69587,Bradypus,variegatus,m,wild,45.906,T15,ps2,22593,3.7,158,0.529018,3.44871,1.34403,0.268614,1.29605,0.890786,1.23646,32.3624,81.3486,5.851391975,55.6513,135.7703,8328.925,957.625,4136.36,32,31.5,31.75,32.5,31,31.75,3.851824971,7109.269384,11.76,8.56,11.02,5.583,7.468,11.797,12.01,18.93,19.58,16.91,19.32
69587,Bradypus,variegatus,m,wild,45.906,T16,ps3,22593,4.9,168,0.499003,2.97542,1.34279,0.217367,1.28276,1.0045,1.23043,110.663,88.4497,4.735045528,53.9379,181.6262,9027.13,1721.25,4136.36,32,31.5,31.75,32.5,31,31.75,3.851824971,7109.269384,12.63,8.89,11.69,8.73,8.9,13.87,11.25,20.03,22.21,19.32,19.32
69587,Bradypus,variegatus,m,wild,45.906,L01,ps4,22593,4.9,147,0.52437,3.46995,1.37633,0.229813,1.38683,0.757149,1.28789,1.14501,6.53389,5.006164771,53.0965,181.2663,6926.872,1124.5,4136.36,32,31.5,31.75,32.5,31,31.75,3.851824971,7109.269384,12.78,9.53,11.42,9.5,9.88,12.46,12.45,19.72,26.19,18.94,19.32
69587,Bradypus,variegatus,m,wild,45.906,L02,ps5,22593,5.1,182,0.484855,3.24319,1.36898,0.213129,1.34961,0.968414,1.29066,357.998,83.9827,4.642726441,52.0636,171.7019,8016.55,1758.125,4136.36,32,31.5,31.75,32.5,31,31.75,3.851824971,7109.269384,11.84,9.04,12.51,9.26,10.54,12.84,13.53,18.78,30.36,20.04,19.32
69587,Bradypus,variegatus,m,wild,45.906,L03,ps6,22593,4.4,123,0.525618,2.43024,1.35508,0.171705,1.46384,1.10843,1.37506,286.086,67.739,3.740360737,57.5561,132.1503,7332.457,891.125,4136.36,32,31.5,31.75,32.5,31,31.75,3.851824971,7109.269384,12.74,7.67,13.18,8.96,11.66,11.2,12.98,16.5,28.92,18.05,19.32
69589,Bradypus,variegatus,m,wild,41.997,T14,ps1,22373,3.4,182,0.403065,3.42727,1.40649,0.157776,1.76502,1.06573,1.50685,338.439,87.3542,3.756839774,50.291,114.8859,8174.001,850.125,4136.36,30,30,30,31,33,32,3.823284754,6657.094998,10.38,6.95,12.45,6.91,9.33,12.14,11.69,18.11,18.56,15.42,20.11
69589,Bradypus,variegatus,m,wild,41.997,T15,ps2,22373,2.7,175,0.398819,2.63256,0.32704,0.155399,1.57335,0.994402,1.45764,258.257,88.7354,3.700240493,53.5319,116.208,8037.749,466.375,4136.36,30,30,30,31,33,32,3.823284754,6657.094998,10.38,6.82,11.82,6.87,10.2,12.17,11.59,17.98,19.25,15.86,20.11
69589,Bradypus,variegatus,m,wild,41.997,T16,ps3,22373,4.3,198,0.345272,2.26715,1.24251,0.142409,1.3583,0.989573,1.28241,86.2879,85.2612,3.390932686,50.2819,135.8136,10398.211,1740.5,4136.36,30,30,30,31,33,32,3.823284754,6657.094998,11.99,7.63,10.29,7.05,11.27,14.37,10.94,19.1,37.49,20.11,20.11
69589,Bradypus,variegatus,m,wild,41.997,L01,ps4,22373,3.5,195,0.248709,2.23062,1.20087,0.135308,1.19794,0.594603,1.15786,287.545,12.8882,3.22184918,54.3872,138.6437,9017.076,982.75,4136.36,30,30,30,31,33,32,3.823284754,6657.094998,12.23,7.46,11.72,7.43,10.03,12.82,11.87,18.27,27.33,19.75,20.11
69589,Bradypus,variegatus,m,wild,41.997,L02,ps5,22373,4,207,0.273809,3.39142,1.32911,0.157774,1.34504,0.576266,1.22794,348.554,14.6744,3.756792152,59.8083,125.1263,8842.714,1208.5,4136.36,30,30,30,31,33,32,3.823284754,6657.094998,12.32,7.27,12.08,7.35,11.29,12.82,11.85,16.55,29.19,20.19,20.11
69589,Bradypus,variegatus,m,wild,41.997,L03,ps6,22373,3.6,205,0.454677,2.56821,1.32503,0.208076,1.56708,0.907214,1.44561,5.93069,82.7785,4.954544372,47.9754,154.0401,8958.827,1007,4136.36,30,30,30,31,33,32,3.823284754,6657.094998,11.74,6.36,12.74,7.09,12.81,13.33,11.4,15.39,27.5,19.21,20.11
93296,Bradypus,tridactylus,f,wild,46.833,T13,ps1,22973,4,160,0.184481,8.41448,1.60544,0.131061,1.32462,0.605743,1.25214,29.1615,82.968,2.798475434,47.3395,110.1669,4227.07,626.125,4375.8,31.5,30,30.75,30,29.5,29.75,3.794045525,6223.655212,12.11,6.8,9.8,6.88,11.98,15.32,15.5,16.32,20.55,16.9,19.5
93296,Bradypus,tridactylus,f,wild,46.833,T14,ps2,22973,4.3,198,0.223371,4.60833,1.46727,0.156594,1.38017,0.632149,1.2721,102.338,82.216,3.343667926,45.9368,118.7669,4350.6,739.75,4375.8,31.5,30,30.75,30,29.5,29.75,3.794045525,6223.655212,11.96,6.5,10.6,6.1,8.9,14.9,14.7,16.68,20.74,19.1,19.5
93296,Bradypus,tridactylus,f,wild,46.833,T15,ps3,22973,4.3,202,0.237685,5.14857,1.40511,0.164513,1.46286,0.641466,1.36628,239.993,82.6813,3.512758098,51.0392,113.1424,3955.443,695.875,4375.8,31.5,30,30.75,30,29.5,29.75,3.794045525,6223.655212,13.02,7,11.5,7,11,15.2,14.4,17.24,40.23,19.5,19.5
93296,Bradypus,tridactylus,f,wild,46.833,L01,ps4,22973,4.9,181,0.244624,5.58718,1.45544,0.166889,1.32322,0.638356,1.26382,6.24864,82.3153,3.563491555,51.8256,110.615,3730.411,777.125,4375.8,31.5,30,30.75,30,29.5,29.75,3.794045525,6223.655212,12.64,6.5,9.9,6.1,9.9,17.2,14.1,17.75,26.44,18.8,19.5
93296,Bradypus,tridactylus,f,wild,46.833,L02,ps5,22973,5,193,0.160609,5.03144,1.40608,0.190118,1.08925,0.36772,1.05159,21.6767,31.0872,4.059487968,50.7427,127.9587,3039.79,690.125,4375.8,31.5,30,30.75,30,29.5,29.75,3.794045525,6223.655212,12.63,6.4,11.6,6.9,10.1,18,14.6,17.52,27.97,20.9,19.5
93296,Bradypus,tridactylus,f,wild,46.833,L03,ps6,22973,5.4,185,0.188764,9.60662,1.75872,0.204088,1.37339,0.387084,1.27642,7.46656,43.4473,4.357781906,59.9082,123.7183,3508.342,959.875,4375.8,31.5,30,30.75,30,29.5,29.75,3.794045525,6223.655212,12.36,7.44,12.66,6.6,10.5,20,14.03,16.27,29.95,20.6,19.5
39468,Chlamyphorus,truncatus,?,wild,24.243,T10,ps1,23478,1.3,68,0.267612,5.81517,1.92527,0.115245,1.68816,1.10955,1.5558,54.3499,85.4801,4.753743349,47.7052,19.3189,21564.378,54.625,83.53,,,#DIV/0!,,,#DIV/0!,#DIV/0!,#DIV/0!,2.7,2.6,4.8,2.3,4.1,3.9,4,NA,9.3,4.9,5.8
39468,Chlamyphorus,truncatus,?,wild,24.243,T11,ps2,23478,1.3,74,0.16804,5.5432,1.65317,0.0852248,1.38327,0.958104,1.30946,62.4445,81.551,3.515439508,46.7471,18.3797,23530.455,70.375,83.53,,,#DIV/0!,,,#DIV/0!,#DIV/0!,#DIV/0!,2.9,2.6,6.1,2.4,5.1,4.3,3.8,NA,9.17,5.3,5.8
39468,Chlamyphorus,truncatus,?,wild,24.243,T12,ps3,23478,1.3,80,0.19861,9.43697,1.92396,0.0899199,1.58503,1.09315,1.48624,310.355,87.5739,3.709107784,54.2395,22.7142,25319.952,79.25,83.53,,,#DIV/0!,,,#DIV/0!,#DIV/0!,#DIV/0!,3.5,2.9,4.7,2.4,5.4,4.2,3.7,8.34,9.68,5.8,5.8
39468,Chlamyphorus,truncatus,?,wild,24.243,L01,ps4,23478,1.3,91,0.248274,5.00362,1.5333,0.0945193,1.58999,1.20266,1.39665,37.8103,81.7196,3.898828528,54.5652,25.4823,23991.698,86.125,83.53,,,#DIV/0!,,,#DIV/0!,#DIV/0!,#DIV/0!,4.1,3.1,4.2,2.7,5,4,3.6,7.33,9.8,6.7,5.8
39468,Chlamyphorus,truncatus,?,wild,24.243,L02,ps5,23478,1.5,92,0.188749,5.78649,1.49378,0.0830175,1.20765,0.949954,1.19497,307.895,78.3019,3.424390546,51.5914,27.9965,25271.182,133.125,83.53,,,#DIV/0!,,,#DIV/0!,#DIV/0!,#DIV/0!,3.4,3.9,3.3,3,4.2,4.5,3,8.27,10.1,6.7,5.8
39468,Chlamyphorus,truncatus,?,wild,24.243,L03,ps6,23478,1.6,95,0.297777,5.33423,1.6145,0.0908464,1.58411,1.31786,1.44718,95.9171,0.05424,3.747325001,49.9926,36.9333,25161.134,164.625,83.53,,,#DIV/0!,,,#DIV/0!,#DIV/0!,#DIV/0!,5.5,3.3,3.6,3.8,3.3,3.9,3.7,6.5,8.5,6.3,5.8
74246,Chlamyphorus,truncatus,?,wild,23.409,T10,ps1,22546,1.2,76,0.291813,5.17853,1.69558,0.0989135,1.94957,1.20133,1.73528,289.194,85.0945,4.225447477,44.2723,17.9224,19798.332,51.75,83.53,,,#DIV/0!,,,#DIV/0!,#DIV/0!,#DIV/0!,2.85,2.09,4.93,1.98,3.77,3.83,3.63,8.53,8.38,4.42,5.68
74246,Chlamyphorus,truncatus,?,wild,23.409,T11,ps2,22546,1.1,81,0.205517,2.78016,1.34363,0.0885102,1.30919,1.03945,1.26574,8.59483,66.0495,3.781032936,47.1357,20.8967,17237.262,38.875,83.53,,,#DIV/0!,,,#DIV/0!,#DIV/0!,#DIV/0!,2.7,2.18,4.68,2.23,3.82,3.72,3.75,8.28,8.48,4.6,5.68
74246,Chlamyphorus,truncatus,?,wild,23.409,T12,ps3,22546,1.2,90,0.221288,4.21391,1.4987,0.111315,1.29766,0.991487,1.25039,9.46029,76.5215,4.75522235,46.5887,22.3043,21090.609,64.5,83.53,,,#DIV/0!,,,#DIV/0!,#DIV/0!,#DIV/0!,3.31,2.56,4.24,2.06,5.08,3.91,3.62,8.5,9.07,5.68,5.68
74246,Chlamyphorus,truncatus,?,wild,23.409,L01,ps4,22546,1.2,108,0.246487,6.82039,1.60944,0.100516,1.1869,1.50779,1.39198,84.2873,86.8008,4.293904054,44.4125,22.731,30348.605,118.125,83.53,,,#DIV/0!,,,#DIV/0!,#DIV/0!,#DIV/0!,3.57,2.67,3.34,2.29,4.19,3.85,3.4,7.59,9.75,6.5,5.68
74246,Chlamyphorus,truncatus,?,wild,23.409,L02,ps5,22546,1.5,108,0.250796,6.2642,1.69108,0.0953995,1.47512,1.15469,1.38238,148.705,80.4615,4.075334273,44.542,28.6011,30102.182,167.5,83.53,,,#DIV/0!,,,#DIV/0!,#DIV/0!,#DIV/0!,3.76,3.31,2.59,2.68,3.65,3.34,3.71,8.15,8.76,6.51,5.68
74246,Chlamyphorus,truncatus,?,wild,23.409,L03,ps6,22546,1.4,119,0.269531,5.02045,1.59762,0.0863488,1.56259,1.33305,1.4366,332.803,77.644,3.688700927,56.1708,16.8668,26169.634,155.5,83.53,,,#DIV/0!,,,#DIV/0!,#DIV/0!,#DIV/0!,5.01,2.93,2.88,3.16,2.09,2.72,3.28,9.71,8.02,5.46,5.68
104986,Chlamyphorus,truncatus,m,wild,22.101,T10,ps1,18025,1.3,98,0.362017,6.3556,1.70736,0.105606,1.88265,1.32585,1.69271,197.232,85.5594,4.778335822,53.144,27.445,34220.464,129.25,83.53,,,#DIV/0!,,,#DIV/0!,#DIV/0!,#DIV/0!,3.31,2.09,5.31,2.15,3.8,4.17,4,9.68,9.76,4.6,5.8
104986,Chlamyphorus,truncatus,m,wild,22.101,T11,ps2,18025,1.1,108,0.378454,4.02547,1.50305,0.110685,2.00903,1.4426,1.76659,140.392,85.8235,5.008144428,56.1807,27.8537,32398.242,98.125,83.53,,,#DIV/0!,,,#DIV/0!,#DIV/0!,#DIV/0!,3.27,2.21,5.42,2.18,3.93,4.36,4.34,9.42,9.64,5.47,5.8
104986,Chlamyphorus,truncatus,m,wild,22.101,T12,ps3,18025,1.3,113,0.328503,5.28835,1.6754,0.121799,1.73482,1.22957,1.59142,253.893,88.8248,5.511017601,52.3065,27.9234,33051.382,140.5,83.53,,,#DIV/0!,,,#DIV/0!,#DIV/0!,#DIV/0!,3.43,2.63,4.76,2.18,4.23,4.58,4.15,7,10.41,5.8,5.8
104986,Chlamyphorus,truncatus,m,wild,22.101,L01,ps4,18025,1.3,115,0.320973,5.06562,1.64031,0.0963234,1.74611,1.40073,1.57261,84.6574,87.1774,4.358327677,44.4198,27.2443,36934.272,170.875,83.53,,,#DIV/0!,,,#DIV/0!,#DIV/0!,#DIV/0!,3.85,2.76,3.73,2.25,4.02,4.52,3.81,7.4,11.03,6.81,5.8
104986,Chlamyphorus,truncatus,m,wild,22.101,L02,ps5,18025,1.6,117,0.253673,7.8547,1.84231,0.0951241,1.67341,1.17543,1.49538,186.066,78.3226,4.304063165,48.3512,33.1709,32329.368,224.375,83.53,,,#DIV/0!,,,#DIV/0!,#DIV/0!,#DIV/0!,4.01,3.4,3.56,2.64,4.41,4.53,3.9,8.62,9.85,7.18,5.8
104986,Chlamyphorus,truncatus,m,wild,22.101,L03,ps6,18025,1.6,124,0.289509,2.75356,1.35385,0.0879273,1.27389,1.34142,1.22372,80.5215,58.0345,3.97843084,39.638,29.8812,33239.174,259,83.53,,,#DIV/0!,,,#DIV/0!,#DIV/0!,#DIV/0!,5.18,2.75,3.04,3.29,2.5,3.42,3.83,8.09,8.6,5.51,5.8
105031,Chlamyphorus,truncatus,m,wild,24.243,T09,ps1,20029,1.3,81,0.454133,4.06842,1.52463,0.099291,2.12304,1.66939,1.74529,162.219,85.3397,4.095656478,51.6657,26.4355,34676.972,108.375,83.53,,,#DIV/0!,,,#DIV/0!,#DIV/0!,#DIV/0!,3.39,2.49,5.5,2.02,3.81,3.38,3.75,8.62,8.5,4.04,5.18
105031,Chlamyphorus,truncatus,m,wild,24.243,T10,ps2,20029,1.2,84,0.421066,5.17052,1.71419,0.0978164,2.46849,1.56492,2.08293,347.405,87.9466,4.034830673,51.3432,28.6237,35192.144,110.25,83.53,,,#DIV/0!,,,#DIV/0!,#DIV/0!,#DIV/0!,3.48,2.33,5.05,2.2,4.3,3.75,3.59,8.17,7.8,5.1,5.18
105031,Chlamyphorus,truncatus,m,wild,24.243,T11,ps3,20029,1.4,95,0.234963,7.81639,1.85716,0.0715353,1.92917,1.4006,1.70503,6.71097,84.8457,2.950761044,52.5124,28.7543,52109.073,243.25,83.53,,,#DIV/0!,,,#DIV/0!,#DIV/0!,#DIV/0!,3.8,2.52,4.41,2,3.01,3.93,3.44,9.11,8.38,5.18,5.18
105031,Chlamyphorus,truncatus,m,wild,24.243,L01,ps4,20029,1.5,112,0.350739,5.87085,1.62262,0.097292,1.94465,1.48051,1.69312,172.524,82.8109,4.013199687,44.2159,33.473,46954.776,307.5,83.53,,,#DIV/0!,,,#DIV/0!,#DIV/0!,#DIV/0!,4.07,2.66,3.41,2.12,3.32,3.86,3.03,7.47,8.8,5.35,5.18
105031,Chlamyphorus,truncatus,m,wild,24.243,L02,ps5,20029,1.6,105,0.344445,3.5707,1.40582,0.089125,1.67358,1.57617,1.42413,190.394,82.5807,3.676318937,49.8023,40.4168,47229.279,353.875,83.53,,,#DIV/0!,,,#DIV/0!,#DIV/0!,#DIV/0!,4.13,3.28,2.62,2.5,2.97,3.91,3.99,8.13,8.55,6.33,5.18
105031,Chlamyphorus,truncatus,m,wild,24.243,L03,ps6,20029,1.9,103,0.360589,3.19716,1.39608,0.0795318,1.59594,1.84987,1.43566,85.9287,85.3245,3.280608836,47.6275,35.9221,39899.269,413.5,83.53,,,#DIV/0!,,,#DIV/0!,#DIV/0!,#DIV/0!,5.89,2.77,2.76,3.41,2.66,2.84,3.34,6.78,8.08,5.01,5.18
69576,Choloepus,didactylus,f,wild,49.589,T22,ps1,25447,4.1,177,0.400215,4.67576,1.49453,0.175744,1.56467,0.837511,1.43765,194.545,83.7495,3.544011777,59.6412,152.3389,5349.385,881.125,6646.5,35,37,32.75,33,32,34.5,3.920326102,8323.885576,13.43,7.88,11.8,8.62,10.97,17.19,14,18.69,23.35,20.4,22.79
69576,Choloepus,didactylus,f,wild,49.589,T23,ps2,25447,3.9,187,,,,,,,,,,0,58.6789,170.1551,5223.365,786,6646.5,35,37,36,33,32,32.5,3.942313381,8756.153796,13.72,7.8,12.08,8.18,11.67,14.65,14.34,19.65,24.27,21.52,22.79
69576,Choloepus,didactylus,f,wild,49.589,L01,ps3,25447,4,206,0.283349,2.97536,1.33821,0.203685,1.46041,0.486284,1.31889,351.793,12.0079,4.107463349,63.0964,159.5596,6363.155,1036.125,6646.5,35,37,36,33,32,32.5,3.942313381,8756.153796,14.73,8.25,11.53,8.12,12.6,15.05,15.04,22.97,29.29,22.79,22.79
69576,Choloepus,didactylus,f,wild,49.589,L02,ps4,25447,4.5,210,0.33871,2.78578,1.34383,0.250808,1.59776,0.475381,1.37678,0.766174,11.4187,5.057734578,60.943,197.12,6084.587,1272.625,6646.5,35,37,36,33,32,32.5,3.942313381,8756.153796,15.02,8.67,12.42,9.05,12.85,16.3,16.09,21.76,32.26,23.93,22.79
69576,Choloepus,didactylus,f,wild,49.589,L03,ps5,25447,4.8,203,0.324115,3.94303,1.31189,0.180623,1.26837,0.757181,1.17879,8.78149,6.51738,3.642400532,60.3041,199.7003,7607.847,1764.375,6646.5,35,37,36,33,32,32.5,3.942313381,8756.153796,14.6,8.8,12.8,8.98,12.87,16.84,15.7,19.16,32.54,22.5,22.79
69576,Choloepus,didactylus,f,wild,49.589,L04,ps6,25447,5.1,202,0.336427,4.5128,1.40257,0.177891,1.31459,0.749547,1.22601,351.909,23.789,3.587307669,59.639,210.2921,7029.971,1816.5,6646.5,35,37,36,33,32,32.5,3.942313381,8756.153796,13.69,8.79,13.97,8.9,13,16.5,15.11,17.68,35.54,23,22.79
95448,Choloepus,didactylus,f,wild,56.169,T21,ps1,19387,4.3,192,0.548522,1.9699,1.22666,0.2415,1.39259,0.817649,1.32179,290.925,87.4228,4.299524649,60.6525,176.1964,4112.021,810.125,6646.5,37,,37,37,,37,4.034517998,10827.24583,13.39,7.46,13.35,7.15,12.18,13.16,14.49,17.21,24.77,20.66,23.3
95448,Choloepus,didactylus,f,wild,56.169,T22,ps2,19387,4.2,186,0.522681,2.22116,1.25589,0.225617,1.41297,0.854566,1.32344,235.875,84.937,4.016753013,57.8895,187.7202,5164.461,944.625,6646.5,37,,37,37,,37,4.034517998,10827.24583,15.26,8.14,13.72,7.99,12.91,14.46,16.18,17.97,25.07,21.7,23.3
95448,Choloepus,didactylus,f,wild,56.169,T23,ps3,19387,4,208,0.487111,1.78578,1.21325,0.228681,1.16025,0.769798,1.11656,201.688,60.4533,4.071302676,59.0191,187.0536,6308.951,1225.375,6646.5,37,,37,37,,37,4.034517998,10827.24583,15.09,8.96,15.13,8.18,14.05,14.3,15.17,13.4,26.37,23.3,23.3
95448,Choloepus,didactylus,f,wild,56.169,L01,ps4,19387,4.1,217,0.436166,2.02749,1.19645,0.210334,1.32821,0.751629,1.26592,186.659,33.2789,3.744663426,61.06,191.0014,6660.446,1309.875,6646.5,37,,37,37,,37,4.034517998,10827.24583,15.24,9.2,14.54,9.04,14.31,14.48,13.86,19.09,32.07,25.9,23.3
95448,Choloepus,didactylus,f,wild,56.169,L02,ps5,19387,4.4,215,0.274641,1.59513,1.22272,0.204845,1.59904,0.394584,1.47932,273.053,18.387,3.646940483,66.3965,191.9876,6261.498,1460.625,6646.5,37,,37,37,,37,4.034517998,10827.24583,17.49,10.16,15.76,9.54,14.46,15.61,14.44,19.67,33.7,26.51,23.3
95448,Choloepus,didactylus,f,wild,56.169,L03,ps6,19387,4.7,206,0.397545,3.16093,1.28431,0.233316,1.38463,0.612885,1.25687,211.216,9.36437,4.153821503,58.3013,235.0453,6639.729,1709.75,6646.5,37,,37,37,,37,4.034517998,10827.24583,16.04,9.67,15.11,9.62,15.69,17.24,15.31,19.63,39.22,27.15,23.3
51889,Cyclopes,didactylus catellus,m,wild,26.123,T12,ps1,21271,1.3,127,0.264927,6.2198,1.73166,0.0864336,1.52197,1.08342,1.401,65.1983,82.4698,3.308716457,46.0869,40.5449,31448.567,175.875,263.95,14,14,14,15,15,15,2.916132096,824.3888253,5.26,2.5,4.1,2.5,4.2,6.1,5.8,7.6,10.98,7.6,7.9
51889,Cyclopes,didactylus catellus,m,wild,26.123,T13,ps2,21271,1.2,123,0.28163,6.2571,1.81645,0.0895851,1.53645,1.19309,1.44574,84.9345,81.2961,3.429357271,45.5979,43.4072,27294.734,119.125,263.95,14,14,14,15,15,15,2.916132096,824.3888253,5.19,2.5,4.1,2.7,4.3,6.1,6.2,8.3,11.17,8,7.9
51889,Cyclopes,didactylus catellus,m,wild,26.123,T14,ps3,21271,1.5,116,0.298953,6.08883,1.72939,0.0955128,1.69586,1.14757,1.49393,199.676,88.2418,3.656272251,48.9261,41.6596,27595.123,179.25,263.95,14,14,14,15,15,15,2.916132096,824.3888253,4.7,2.9,4.6,2.6,4.8,6.5,6,9.88,10.74,7.9,7.9
51889,Cyclopes,didactylus catellus,m,wild,26.123,T15,ps4,21271,1.5,124,0.315475,4.5661,1.67637,0.101861,1.69982,1.11321,1.54444,219.194,88.4732,3.899284156,51.3923,39.9692,28380.468,200.125,263.95,14,14,14,15,15,15,2.916132096,824.3888253,4.87,3.1,4.5,2.9,3.8,6.5,5.4,10.21,10.98,7.9,7.9
51889,Cyclopes,didactylus catellus,m,wild,26.123,L01,ps5,21271,2,130,0.290627,4.99953,1.53058,0.107825,1.54452,0.998988,1.38222,136.262,88.7353,4.127588715,53.8837,41.9676,25792.003,353.25,263.95,14,14,14,15,15,15,2.916132096,824.3888253,5.01,3.1,4.8,3,4.5,6.1,5.2,9.92,12.99,8,7.9
51889,Cyclopes,didactylus catellus,m,wild,26.123,L02,ps6,21271,1.9,134,0.330977,4.08654,1.52703,0.107226,1.77537,1.11338,1.59909,38.6394,82.562,4.10465873,55.188,42.9889,25891.328,315,263.95,14,14,14,15,15,15,2.916132096,824.3888253,5.29,3.32,4.82,2.9,4.8,5.8,5.71,10,13.59,8.3,7.9
61854,Cyclopes,didactylus didactylus,f,wild,25.973,T13,ps1,24870,1.3,137,0.250819,9.72243,1.9076,0.104556,1.52155,0.977625,1.43203,163.837,75.0122,4.02556501,46.9311,32.8878,10255.949,62.875,263.95,14,,14,16,,16,2.956606329,904.9119621,4.86,2.55,4.26,2.55,4.66,6.49,5.49,8.73,10.92,5.51,7.1
61854,Cyclopes,didactylus didactylus,f,wild,25.973,T14,ps2,24870,1.2,135,0.281895,5.35367,1.67634,0.114183,1.43526,0.965172,1.31646,311.079,82.2928,4.396219151,46.5354,35.3889,9929.552,54.125,263.95,14,,14,16,,16,2.956606329,904.9119621,4.81,2.52,5.07,2.55,4.8,5.74,5.4,8.44,10.83,6.97,7.1
61854,Cyclopes,didactylus didactylus,f,wild,25.973,T15,ps3,24870,1.4,137,0.332734,3.50162,1.57518,0.118134,1.8481,1.09589,1.54134,294.638,77.6926,4.548338659,50.0983,37.4279,7686.762,55.875,263.95,14,,14,16,,16,2.956606329,904.9119621,5.12,2.68,5.1,2.52,4.03,5.95,5.56,8.57,10.46,7.1,7.1
61854,Cyclopes,didactylus didactylus,f,wild,25.973,T16,ps4,24870,1.3,132,0.367478,1.85725,1.23951,0.104399,1.30218,1.25518,1.21393,85.678,75.474,4.019520271,53.0877,36.6905,8849.191,53.25,263.95,14,,14,16,,16,2.956606329,904.9119621,5.1,3.02,4.76,2.65,3.92,5.81,5.48,9.19,10.11,7.25,7.1
61854,Cyclopes,didactylus didactylus,f,wild,25.973,L01,ps5,24870,1.5,147,0.311984,3.26486,1.38514,0.113402,1.56432,0.967313,1.38365,248.044,84.5687,4.366149463,51.8538,37.8695,8701.975,74.25,263.95,14,,14,16,,16,2.956606329,904.9119621,5.12,3.26,4.43,2.79,4.66,5.85,5.34,8.78,16.39,7.87,7.1
61854,Cyclopes,didactylus didactylus,f,wild,25.973,L02,ps6,24870,1.6,142,0.313924,6.15364,1.81582,0.113685,1.79044,0.997795,1.63209,304.605,87.6702,4.377045393,52.0109,35.614,8846.495,84.125,263.95,14,,14,16,,16,2.956606329,904.9119621,6.25,3.15,4.46,2.92,4.58,5.99,5.19,9.06,13.41,8.29,7.1
69971,Cyclopes,didactylus dorsalis,f,wild,25.031,TX,ps1,28463,1.1,155,0.364221,1.45184,1.09769,0.0845946,1.16342,1.49772,1.14104,178.617,80.6283,3.379593304,41.482,27.173,19609.111,88.625,263.95,12,,12,10,,10,2.58631995,385.7624485,5.28,2.43,4.14,2.3,4.01,4.94,4.93,8.53,9.25,7.63,7.77
69971,Cyclopes,didactylus dorsalis,f,wild,25.031,TX,ps2,28463,1,139,0.504521,1.73316,1.11752,0.0953653,1.27732,1.56206,1.19754,93.1947,74.4873,3.809887739,39.1518,28.7282,11328.738,41,263.95,12,,12,10,,10,2.58631995,385.7624485,5.18,2.67,4.61,2.36,3.89,5.39,5.48,8.41,9.9,7.68,7.77
69971,Cyclopes,didactylus dorsalis,f,wild,25.031,TX,ps3,28463,1.2,133,0.426858,2.61773,1.42764,0.111664,1.62397,1.31078,1.5105,313.543,84.8912,4.461028325,44.685,28.6783,9106.987,42.25,263.95,12,,12,10,,10,2.58631995,385.7624485,4.89,2.86,4.59,2.76,3.87,5.81,5.45,8.31,9.71,7.77,7.77
69971,Cyclopes,didactylus dorsalis,f,wild,25.031,TX,ps4,28463,1.3,118,0.401592,2.37734,1.20012,0.10209,1.20226,1.32129,1.1784,169.337,83.4561,4.078542607,46.6838,30.2626,8584.612,41.375,263.95,12,,12,10,,10,2.58631995,385.7624485,4.77,2.9,3.82,2.81,4.3,5.92,5.41,8.82,10.12,8.24,7.77
69971,Cyclopes,didactylus dorsalis,f,wild,25.031,L01,ps5,28463,1.5,142,0.391369,1.8864,1.12658,0.0923166,1.28846,1.33597,1.22673,74.3775,85.0219,3.688090767,47.2601,32.1118,11251.777,87.25,263.95,12,,12,10,,10,2.58631995,385.7624485,5.31,3.33,5.07,2.62,3.94,6.19,5.67,8.76,11.22,7.67,7.77
69971,Cyclopes,didactylus dorsalis,f,wild,25.031,L02,ps6,28463,1.4,154,0.410953,2.02386,1.24416,0.106996,1.61642,1.34517,1.4325,59.0587,83.3288,4.274539571,46.2994,32.9351,8400.566,68.625,263.95,12,,12,10,,10,2.58631995,385.7624485,5.75,2.82,4.11,2.93,4.54,6.09,4.98,8.49,11.57,7.39,7.77
39307,Dasypus,novemcinctus texanus,?,wild,42.931,T10,ps1,25615,2.5,169,0.507639,4.39304,1.55607,0.159675,2.00414,1.14013,1.77571,190.162,89.0543,3.719340337,58.374,154.141,7867.839,528.75,3949.01,na,na,#DIV/0!,na,na,#DIV/0!,#DIV/0!,#DIV/0!,9.51,5.32,11.83,4.9,12.3,12,10.9,31.08,44.42,14.5,16.41
39307,Dasypus,novemcinctus texanus,?,wild,42.931,L01,ps2,25615,3.1,191,0.539479,7.65214,1.86393,0.15882,2.55396,1.22015,2.14618,240.243,88.5871,3.699424658,53.7697,147.7709,10274.73,1100,3949.01,,,#DIV/0!,,,#DIV/0!,#DIV/0!,#DIV/0!,10.28,5.6,11.1,5.2,9.4,10.4,10.8,33.21,44.36,15.9,16.41
39307,Dasypus,novemcinctus texanus,?,wild,42.931,L02,ps3,25615,3.4,205,0.486145,7.24895,1.86322,0.149491,2.72326,1.2387,2.11002,6.93005,85.9745,3.482122476,49.2306,151.7335,9891.741,1163.625,3949.01,,,#DIV/0!,,,#DIV/0!,#DIV/0!,#DIV/0!,11.37,6.4,10.3,5.8,10,11.7,11.9,34.12,42.58,16.41,16.41
39307,Dasypus,novemcinctus texanus,?,wild,42.931,L03,ps4,25615,3.4,215,0.375743,11.6922,2.01133,0.132148,2.52711,1.14759,1.98565,182.103,88.0593,3.078148657,46.5523,163.1619,13585.066,1507.5,3949.01,,,#DIV/0!,,,#DIV/0!,#DIV/0!,#DIV/0!,12.06,6.2,10.7,6.4,9.5,11.5,11.6,32.41,37.76,15.9,16.41
39307,Dasypus,novemcinctus texanus,?,wild,42.931,L04,ps5,25615,3.2,219,0.3441,7.28696,1.77837,0.130976,2.25515,1.06321,1.72657,93.2086,88.8268,3.050849037,44.2004,170.3365,12813.974,1194,3949.01,,,#DIV/0!,,,#DIV/0!,#DIV/0!,#DIV/0!,11.65,5.8,11.8,5.7,11.7,12.7,11.1,29.29,33.38,16,16.41
39307,Dasypus,novemcinctus texanus,?,wild,42.931,L05,ps6,25615,2.8,206,0.420785,8.15501,1.87415,0.133434,2.70775,1.24425,2.10146,325.809,86.8033,3.108103701,46.8278,164.103,11047.763,1148,3949.01,,,#DIV/0!,,,#DIV/0!,#DIV/0!,#DIV/0!,10.95,5,10.3,5.6,9.8,11.1,10.3,27.33,27.33,16.8,16.41
134417,Dasypus,novemcinctus mexicanus,?,wild,41.61,T10,ps1,26062,2.8,162,0.503046,3.0908,1.3904,0.167364,1.54428,0.996518,0.996518,1.51492,85.3196,4.0222062,62.7006,138.4252,8281.152,433.25,3949.01,na,na,#DIV/0!,29,,29,#DIV/0!,#DIV/0!,9.76,5.75,11.68,5.48,12.3,11.7,11.04,26.45,24.71,15.26,16.7
134417,Dasypus,novemcinctus mexicanus,?,wild,41.61,L01,ps2,26062,3.2,179,0.580922,2.54587,1.29479,0.187057,1.68599,1.08009,1.53102,37.7546,85.8509,4.495481855,59.2821,144.9476,8668.44,659,3949.01,,,#DIV/0!,,,#DIV/0!,#DIV/0!,#DIV/0!,9.55,6.26,10.89,5.71,10.74,11.69,10.79,28.98,29.29,16.38,16.7
134417,Dasypus,novemcinctus mexicanus,?,wild,41.61,L02,ps3,26062,3,210,0.495263,2.16364,1.24804,0.171952,1.54782,1.06841,1.3805,104.99,87.2385,4.132468157,55.8631,144.311,11002.896,839.125,3949.01,,,#DIV/0!,,,#DIV/0!,#DIV/0!,#DIV/0!,10.62,6.48,10.16,6.17,10.84,12.4,12.15,30.66,34.87,16.7,16.7
134417,Dasypus,novemcinctus mexicanus,?,wild,41.61,L03,ps4,26062,3,214,0.419139,2.70607,1.27364,0.149589,1.35446,1.02281,1.28523,130.092,85.3705,3.595025234,55.702,158.3902,13980.96,1071.25,3949.01,,,#DIV/0!,,,#DIV/0!,#DIV/0!,#DIV/0!,11.63,6.48,10.96,6.59,10.21,13.03,12.07,32.46,40.22,17.17,16.7
134417,Dasypus,novemcinctus mexicanus,?,wild,41.61,L04,ps5,26062,2.7,199,0.346248,4.42571,1.44974,0.131112,1.64072,0.950168,1.49406,241.298,86.2687,3.150973324,52.5937,167.6641,14264.444,846.125,3949.01,,,#DIV/0!,,,#DIV/0!,#DIV/0!,#DIV/0!,11.05,6.11,11.84,5.95,11.99,13.61,11.66,32.43,43.53,16.41,16.7
134417,Dasypus,novemcinctus mexicanus,?,wild,41.61,L05,ps6,26062,3.6,184,0.437501,7.74851,1.90759,0.134972,2.45386,1.27384,1.96308,111.901,87.8697,3.243739486,52.989,169.4623,11170.349,1151.25,3949.01,,,#DIV/0!,,,#DIV/0!,#DIV/0!,#DIV/0!,10.01,5.63,11.8,6.03,11.62,12.9,10.65,29.82,42.92,16.42,16.7
26563,Myrmecophaga,tridactyla,f,wild,96.551,T12,ps1,22501,9,192,0.787245,2.2569,1.33413,0.427279,1.65217,0.514719,1.50204,120.731,83.3343,4.425422834,61.467,982.6483,1493.492,2248,29531.83,89,89,89,81,81,81,5.027504085,106537.8884,22.6,16.56,20.77,16.27,23.61,41.21,47.59,68.53,60.04,37.01,36.6
26563,Myrmecophaga,tridactyla,f,wild,96.551,T13,ps2,22501,9.1,200,0.766626,2.42272,1.34916,0.43163,1.76192,0.553226,1.49808,46.1473,86.778,4.4704871,60.4337,1084.7945,1669.893,2643.375,29531.83,89,89,89,81,81,81,5.027504085,106537.8884,25.53,17.02,21.08,17.27,23.33,23.18,26.06,69.15,60.25,38.09,36.6
26563,Myrmecophaga,tridactyla,f,wild,96.551,T14,ps3,22501,10.2,211,0.698236,3.88949,1.59271,0.347238,1.95634,0.691699,1.70318,154.386,87.5118,3.596420545,61.6206,1062.7958,1987.806,4203.25,29531.83,89,89,89,81,81,81,5.027504085,106537.8884,26.54,17.32,22.77,17.22,23.53,26.7,24.74,70.85,61.84,36.6,36.6
26563,Myrmecophaga,tridactyla,f,wild,96.551,T15,ps4,22501,10.8,222,0.720813,3.62068,1.5446,0.360175,1.91989,0.668252,1.69816,196.514,88.3592,3.730411907,62.7817,1067.9014,1698.476,4258.75,29531.83,89,89,89,81,81,81,5.027504085,106537.8884,26.94,18.09,24.83,17.63,24.71,25.31,24.57,71.44,63.42,40.33,36.6
26563,Myrmecophaga,tridactyla,f,wild,96.551,L01,ps5,22501,10.9,227,0.677332,3.94778,1.54459,0.371954,1.94242,0.641315,1.63521,297.686,87.9159,3.852409607,60.1864,1100.0558,1809.55,4744.25,29531.83,89,89,89,81,81,81,5.027504085,106537.8884,27.57,20.24,24.95,18.7,26,26.07,26.06,70.95,75.1,42.47,36.6
26563,Myrmecophaga,tridactyla,f,wild,96.551,L02,ps6,22501,12.6,238,0.622841,5.03623,1.64319,0.298717,1.92414,0.830585,1.58977,274.45,84.2747,3.093877847,61.4786,1209.4392,1880.79,6719.25,29531.83,89,89,89,81,81,81,5.027504085,106537.8884,27.5,19.75,26.38,19.93,26.39,27.9,27.74,74.01,79.38,46.51,36.6
28309,Myrmecophaga,tridactyla,m,wild,93.178,T12,ps1,21924,7.7,189,0.78179,2.24571,1.35084,0.432114,1.69253,0.51789,1.45718,99.3312,83.9573,4.637511,69.4311,841.6892,624.42,653.875,29531.83,81,81,81,86,86,86,5.006247579,101448.9553,23.62,14.95,21,14.17,22.32,41.26,41.66,63.48,53.53,35.6,35.74
28309,Myrmecophaga,tridactyla,m,wild,93.178,T13,ps2,21924,8.2,197,0.778352,2.41468,1.39295,0.440141,1.79671,0.507785,1.52282,69.5103,87.4828,4.723657945,68.0766,901.0641,402.241,491.75,29531.83,81,81,81,86,86,86,5.006247579,101448.9553,23.84,15.7,22.77,14.95,21.6,42.75,46.03,65.09,57.68,36.05,35.74
28309,Myrmecophaga,tridactyla,m,wild,93.178,T14,ps3,21924,9,206,0.776738,2.84361,1.46783,0.450209,2.09825,0.514061,1.70459,47.4609,87.3402,4.831709202,67.2335,926.1101,564.235,875.875,29531.83,81,81,81,86,86,86,5.006247579,101448.9553,24.39,15.37,24.64,15.39,22.87,45.55,49,66.58,57.37,35.74,35.74
28309,Myrmecophaga,tridactyla,m,wild,93.178,T15,ps4,21924,8.8,213,0.779682,2.70062,1.44536,0.438538,1.80495,0.503417,1.59691,350.393,86.0126,4.706454313,66.8071,910.4735,460.989,694.5,29531.83,81,81,81,86,86,86,5.006247579,101448.9553,25.39,15.87,25.98,15.27,24.32,47.69,49.06,69,59.8,36.23,35.74
28309,Myrmecophaga,tridactyla,m,wild,93.178,L01,ps5,21924,9.9,220,0.754452,3.29373,1.50417,0.427694,1.9184,0.526315,1.72979,245.356,88.3181,4.59007491,66.3311,976.1763,357.505,716.25,29531.83,81,81,81,86,86,86,5.006247579,101448.9553,26.39,17.12,24.14,16.81,25.89,24.29,23.46,71.9,67.66,37.07,35.74
28309,Myrmecophaga,tridactyla,m,wild,93.178,L02,ps6,21924,11.2,233,0.684214,4.23789,1.60306,0.359604,2.03651,0.674106,1.65591,285.703,87.5109,3.859323016,66.5776,1099.0119,654.599,1768.75,29531.83,81,81,81,86,86,86,5.006247579,101448.9553,26.97,17.71,24.8,18,24.99,25.18,22.96,73.04,70.31,39.28,35.74
25271,Priodontes,maximus giganteus,f,wild,73.771,T10,ps1,21272,7.5,179,0.35623,15.6502,1.99598,0.197458,2.28064,0.766346,1.80847,65.0175,89.2794,2.67663445,60.828,611.6863,3620.741,2713,40641.89,77,77,77,64,,64,4.804203341,63709.37443,18.26,11.84,25.1,11.82,22.46,27.07,21.8,44.47,50.66,28.18,30.28
25271,Priodontes,maximus giganteus,f,wild,73.771,T11,ps2,21272,7.4,173,0.485429,7.38237,1.73158,0.249581,2.08688,0.807929,1.69758,33.8614,88.3168,3.383185805,60.9732,764.1409,2896.381,2011.875,40641.89,77,77,77,64,,64,4.804203341,63709.37443,18.94,12.84,23.38,11.75,21.49,23.39,19.38,48.38,66.86,25.38,30.28
25271,Priodontes,maximus giganteus,f,wild,73.771,T12,ps3,21272,7.4,179,0.46121,9.70551,1.78928,0.238017,2.19968,0.807032,1.77692,6.93384,88.4302,3.22643044,65.8989,816.6526,2875.169,2047.5,40641.89,77,77,77,64,,64,4.804203341,63709.37443,19.03,13.6,26.17,11.58,20.41,22.96,22.12,53.19,76.31,30.28,30.28
25271,Priodontes,maximus giganteus,f,wild,73.771,T13,ps4,21272,7.9,179,0.466608,4.56666,1.52102,0.244071,1.76052,0.802665,1.52699,57.1822,85.5052,3.308495208,67.9606,936.2975,2862.897,2335.375,40641.89,77,77,77,64,,64,4.804203341,63709.37443,16.75,13.78,25.98,12.09,23.25,24.33,23.14,52.26,85.37,29.82,30.28
25271,Priodontes,maximus giganteus,f,wild,73.771,L01,ps5,21272,7.8,179,0.470558,6.01644,1.57782,0.245954,1.84107,0.798344,1.55933,283.772,87.6875,3.334020143,69.675,1064.0373,2920.615,2372,40641.89,77,77,77,64,,64,4.804203341,63709.37443,19.31,14.11,26.09,13.89,24.16,25.63,22.64,53.85,92.81,31,30.28
25271,Priodontes,maximus giganteus,f,wild,73.771,L02,ps6,21272,8.5,191,0.457067,7.75184,1.71833,0.242854,1.72577,0.800631,1.56933,117.911,0.767761,3.291998211,68.6332,1088.9604,3092.1,3123.375,40641.89,77,77,77,64,,64,4.804203341,63709.37443,17.53,14.75,26.34,13,26.17,24.97,23.56,54.95,94.48,31.54,30.28
72913,Priodontes,maximus giganteus,?,wild,76.226,T09,ps1,21107,8.6,188,0.303177,12.7047,1.9013,0.198196,2.09871,0.700803,1.74793,261.613,89.3823,2.600110199,46.2105,620.1565,3846.586,4076.125,40641.89,88,88,88,79,78,78.5,5.00266774,100616.1603,19.1,13.49,23.96,13.09,23.31,25.61,23.4,48.8,60.67,30.85,33.35
72913,Priodontes,maximus giganteus,?,wild,76.226,T10,ps2,21107,9,173,0.317736,24.2386,2.19209,0.197968,2.28476,0.746757,1.88703,329.187,88.4367,2.597119093,54.4243,919.921,3923.505,4207.5,40641.89,88,88,88,79,78,78.5,5.00266774,100616.1603,18.32,13.97,25.13,13.24,22.56,23.87,25.76,51.02,74.7,28.82,33.35
72913,Priodontes,maximus giganteus,?,wild,76.226,T11,ps3,21107,7.5,180,0.319785,10.7208,1.80135,0.207473,2.1858,0.677792,1.76781,151.515,87.1919,2.721814079,57.2864,955.8261,3899.628,2990.5,40641.89,88,88,88,79,78,78.5,5.00266774,100616.1603,17.87,13.97,28.05,13.34,23.23,26.44,28.07,52.87,82.31,33.35,33.35
72913,Priodontes,maximus giganteus,?,wild,76.226,T12,ps4,21107,9,181,0.34052,8.30016,1.84615,0.214157,2.14449,0.731648,1.81063,106.804,88.7016,2.809500695,60.9997,1125.0279,3886.515,4340.5,40641.89,88,88,88,79,78,78.5,5.00266774,100616.1603,17.13,14.59,26.74,13.61,23.24,29.04,28.45,53.63,90.53,37.31,33.35
72913,Priodontes,maximus giganteus,?,wild,76.226,L01,ps5,21107,10.1,182,0.375491,4.55211,1.68593,0.229586,1.95815,0.784729,1.7181,142.263,88.5137,3.011911946,61.5183,1183.1749,3787.971,5403.75,40641.89,88,88,88,79,78,78.5,5.00266774,100616.1603,17.71,15.06,27.85,14.45,25.3,28.2,28.08,55.4,102.68,36.64,33.35
72913,Priodontes,maximus giganteus,?,wild,76.226,L02,ps6,21107,9.5,182,0.382257,3.57617,1.54019,0.244164,1.86121,0.747891,1.57098,173.892,87.509,3.203159027,61.4632,1256.0267,4776.625,3834.457,40641.89,88,88,88,79,78,78.5,5.00266774,100616.1603,18.04,15.75,29.39,15.18,26.7,29.29,26.81,58.7,107.08,42.92,33.35
18835,Tamandua,mexicana instabilis,?,wild,44.643,T14,ps1,22848,3.7,163,0.589779,2.21037,1.24247,0.193732,1.42439,1.08273,1.32576,88.2056,86.7035,4.339582913,62.1243,169.1584,6174,630.5,4178.51,,,#DIV/0!,,,#DIV/0!,#DIV/0!,#DIV/0!,10.89,6.7,10.5,6.8,10,13.5,10.82,21.54,22.97,14.7,17
18835,Tamandua,mexicana instabilis,?,wild,44.643,T15,ps2,22848,3.7,172,0.543953,2.50259,1.28157,0.190799,1.3784,1.07741,1.28005,345.925,83.6734,4.273883924,58.2644,171.9343,8478.123,916,4178.51,,,#DIV/0!,,,#DIV/0!,#DIV/0!,#DIV/0!,11.15,6.3,10.9,6.58,12.38,11.86,11.1,21.61,24.68,15.8,17
18835,Tamandua,mexicana instabilis,?,wild,44.643,T16,ps3,22848,3.9,170,0.543667,2.60504,1.27642,0.191806,1.43843,1.09238,1.29846,154.12,88.4769,4.296440651,58.1353,189.8722,8933.785,1023.125,4178.51,,,#DIV/0!,,,#DIV/0!,#DIV/0!,#DIV/0!,10.82,6.7,13.5,6.2,10.9,12.2,11.6,22.54,26.26,17,17
18835,Tamandua,mexicana instabilis,?,wild,44.643,T17,ps4,22848,3.4,189,0.492379,2.44906,1.29416,0.181805,1.47183,1.05523,1.33662,118.109,86.2972,4.072418968,54.741,193.4251,11678.828,1106.25,4178.51,,,#DIV/0!,,,#DIV/0!,#DIV/0!,#DIV/0!,12.56,6.4,11.7,6.8,11.4,12.4,12.6,23.95,27.72,17.6,17
18835,Tamandua,mexicana instabilis,?,wild,44.643,L01,ps5,22848,4.6,192,0.509774,3.19177,1.35409,0.181972,1.26158,1.11209,1.20399,234.317,83.6588,4.076159756,55.1346,211.7166,12550.684,2303.75,4178.51,,,#DIV/0!,,,#DIV/0!,#DIV/0!,#DIV/0!,12.24,7.1,13.2,7,11.9,13.1,12,23.39,41.39,17.8,17
18835,Tamandua,mexicana instabilis,?,wild,44.643,L02,ps6,22848,5.1,193,0.473742,3.84245,1.44096,0.172803,1.2942,1.17615,1.24524,4.58463,89.3731,3.870774814,55.1927,206.5719,14876.192,3299.375,4178.51,,,#DIV/0!,,,#DIV/0!,#DIV/0!,#DIV/0!,10.35,7.39,13.72,7,12.5,13.4,11.33,22.64,38.09,17.9,17
121192,Tamandua,mexicana mexicana,f,wild,44.643,T14,ps1,22818,3.9,155,0.478493,2.26431,1.232,0.171573,1.35349,1.15725,1.24718,250.73,86.0822,3.843222902,48.4246,171.4129,14872.676,1584.875,4178.51,,,#DIV/0!,,,#DIV/0!,#DIV/0!,#DIV/0!,11.11,6.52,12.07,6.79,12.38,11.63,10.42,22.78,23.95,14.96,17.13
121192,Tamandua,mexicana mexicana,f,wild,44.643,T15,ps2,22818,4.6,166,0.44103,3.95793,1.43133,0.16475,1.34066,1.18074,1.28211,233.573,85.1143,3.690388191,47.9509,187.1182,15709.023,2432.625,4178.51,,,#DIV/0!,,,#DIV/0!,#DIV/0!,#DIV/0!,10.98,6.6,13.37,6.96,12.29,11.12,11.42,22.73,25.42,15.58,17.13
121192,Tamandua,mexicana mexicana,f,wild,44.643,T16,ps3,22818,4.9,164,0.404757,3.23315,1.33828,0.149125,1.38375,1.23127,1.29043,61.7333,86.1757,3.340389311,46.143,203.0497,17117.703,2985.5,4178.51,,,#DIV/0!,,,#DIV/0!,#DIV/0!,#DIV/0!,11.04,7.28,12.98,6.87,12.83,11.69,11.74,23.78,26.9,17.13,17.13
121192,Tamandua,mexicana mexicana,f,wild,44.643,L01,ps4,22818,4.9,167,0.393826,3.34823,1.37396,0.13898,1.44196,1.25236,1.33004,187.839,87.1966,3.113142038,47.0621,206.4132,17593.349,3108.5,4178.51,,,#DIV/0!,,,#DIV/0!,#DIV/0!,#DIV/0!,11.68,7.26,13.11,7.43,13.95,11.99,11.52,24.3,25.59,18.19,17.13
121192,Tamandua,mexicana mexicana,f,wild,44.643,L02,ps5,22818,4.7,190,0.411941,2.74724,1.3306,0.152141,1.35484,1.18892,1.29356,107.18,86.8318,3.407947495,48.2572,219.4705,17308.08,3203.875,4178.51,,,#DIV/0!,,,#DIV/0!,#DIV/0!,#DIV/0!,11.55,7.62,13.93,7.31,13.14,12.15,11.77,24.8,41.32,17.86,17.13
121192,Tamandua,mexicana mexicana,f,wild,44.643,L03,ps6,22818,5,195,0.414179,1.93662,1.27808,0.168564,1.29884,1.1156,1.21302,28.5919,85.705,3.775821517,46.5932,217.4258,16576.535,3551.25,4178.51,,,#DIV/0!,,,#DIV/0!,#DIV/0!,#DIV/0!,12.24,6.95,14.42,6.97,13.83,12.2,11.65,24.92,41.73,17.88,17.13
123994,Tamandua,mexicana chiriquensis,f,wild,46.692,T14,ps1,20830,5,180,0.576056,2.99617,1.35723,0.249944,1.52883,0.841194,1.39734,316.838,89.0542,5.353036923,56.3999,221.4898,5527.161,1167.375,4178.51,,,#DIV/0!,,,#DIV/0!,#DIV/0!,#DIV/0!,11.86,7.31,12.57,7.31,12.69,15.74,11.14,25.13,25.55,16.01,18.94
123994,Tamandua,mexicana chiriquensis,f,wild,46.692,T15,ps2,20830,5.6,196,0.551131,2.53279,1.29279,0.233601,1.35746,0.898322,1.24643,91.3004,85.5277,5.003019789,54.5409,239.2189,6351.122,1820.25,4178.51,,,#DIV/0!,,,#DIV/0!,#DIV/0!,#DIV/0!,11.87,7.32,13.09,7.11,13.8,11.95,12.79,25.18,27.43,17.53,18.94
123994,Tamandua,mexicana chiriquensis,f,wild,46.692,T16,ps3,20830,5.4,195,0.509504,3.12879,1.32934,0.205523,1.39387,0.956982,1.29213,128.468,86.1898,4.401674805,50.702,252.592,7691.623,2072.875,4178.51,,,#DIV/0!,,,#DIV/0!,#DIV/0!,#DIV/0!,12.41,7.61,14.81,7.31,14.2,13.57,13.6,25.88,29.48,18.94,18.94
123994,Tamandua,mexicana chiriquensis,f,wild,46.692,T17,ps4,20830,5.7,217,0.472385,4.35083,1.45892,0.190357,1.4789,1.01149,1.3744,15.2812,86.8261,4.076865416,47.4777,265.4472,8107.442,2663.25,4178.51,,,#DIV/0!,,,#DIV/0!,#DIV/0!,#DIV/0!,12.86,8.45,13.93,8.24,14.21,14.42,14.68,26.82,30.74,19.9,18.94
123994,Tamandua,mexicana chiriquensis,f,wild,46.692,L01,ps5,20830,6.4,202,0.4522235,5.34506,1.57183,0.191214,1.54262,0.99027,1.43603,154.425,87.7903,4.095219738,46.5068,288.9828,8317.719,3228.375,4178.51,,,#DIV/0!,,,#DIV/0!,#DIV/0!,#DIV/0!,13.61,8.23,14.5,8.75,14.3,14.73,13.33,27.15,44.61,21.03,18.94
123994,Tamandua,mexicana chiriquensis,f,wild,46.692,L02,ps6,20830,5.8,241,0.37282,6.56159,1.59804,0.204325,1.23786,0.745417,1.1994,282.738,83.314,4.376017305,47.1773,288.6486,9014.433,3373.125,4178.51,,,#DIV/0!,,,#DIV/0!,#DIV/0!,#DIV/0!,14.15,8.25,15.58,7.51,14.23,14.54,13.78,27.82,42.08,20,18.94
28342,Tolypeutes,matacus,f,wild,27.465,T10,ps1,22487,2.3,157,0.149705,21.3106,2.18583,0.0837762,1.66684,0.77349,1.45478,221.97,86.9294,3.050289459,40.8044,66.5728,16090.779,390.625,1303.47,19,,19,16,,16,3.140643054,1382.429695,6.95,3.62,6.93,3.44,6.45,4.98,4.59,14.9,12.53,7.74,9.99
28342,Tolypeutes,matacus,f,wild,27.465,T11,ps2,22487,2.4,164,0.16453,7.63716,1.83366,0.0814388,1.70899,0.868671,1.47305,109.978,86.9916,2.965184781,37.9087,63.6264,16467.374,453.5,1303.47,19,,19,16,,16,3.140643054,1382.429695,6,3.91,7.1,3.59,6.47,4.81,5.26,15.38,14.03,9.64,9.99
28342,Tolypeutes,matacus,f,wild,27.465,T12,ps3,22487,2.1,181,0.106033,10.0092,2.04867,0.0755452,1.32311,0.778369,1.2254,75.0514,78.7815,2.750598944,40.5074,63.4205,14442.727,345.125,1303.47,19,,19,16,,16,3.140643054,1382.429695,5.82,3.98,6.64,3.88,7.65,6.07,5.89,16.66,14.83,9.99,9.99
28342,Tolypeutes,matacus,f,wild,27.465,L01,ps4,22487,2.5,194,0.127641,14.5185,1.99968,0.073205,1.54395,0.75884,1.37523,27.3113,87.158,2.665392317,32.8489,79.0987,18741.459,648.5,1303.47,19,,19,16,,16,3.140643054,1382.429695,8.3,3.84,6.76,3.95,7.2,6.44,6.02,17.86,18.38,10.04,9.99
28342,Tolypeutes,matacus,f,wild,27.465,L02,ps5,22487,2.9,206,0.163326,16.9842,2.22978,0.0863813,1.95775,0.77458,1.72613,39.7194,85.6274,3.145141089,46.0417,61.2695,19947.133,991.5,1303.47,19,,19,16,,16,3.140643054,1382.429695,7.86,3.8,7.76,3.84,7.1,6.62,5.87,18.86,18.43,10.41,9.99
28342,Tolypeutes,matacus,f,wild,27.465,L03,ps6,22487,2.4,187,0.132355,10.2703,2.01735,0.0691649,1.61421,0.8108,1.49938,289.58,88.2841,2.518292372,35.283,72.4753,20281.143,612.5,1303.47,19,,19,16,,16,3.140643054,1382.429695,8.08,3.38,7.59,3.49,7.69,6.41,5.78,17.61,NA,10.4,9.99